{
    "cross_validation_results": {
        "RandomForest": {
            "mape_mean": 0.3889010031042449,
            "mape_std": 0.0023133877564977005,
            "mae_mean": 9249.926847499592,
            "mae_std": 155.90633252332506,
            "r2_mean": 0.27783843003576625,
            "r2_std": 0.02197838775878966,
            "train_r2_mean": 0.306430929625244,
            "fold_scores": [
                0.3916091593130921,
                0.3902845332113356,
                0.3874763781954902,
                0.38512571232385057,
                0.3900092324774563
            ],
            "fold_mae": [
                9544.163605460191,
                9256.252856317,
                9093.266357020984,
                9181.30682347083,
                9174.644595228954
            ],
            "fold_r2": [
                0.23843020370941992,
                0.2978701620368295,
                0.2837223671650573,
                0.2975331407249966,
                0.2716362765425281
            ]
        },
        "GradientBoosting": {
            "mape_mean": 0.35766810280585404,
            "mape_std": 0.00396902625092932,
            "mae_mean": 8571.21236206591,
            "mae_std": 159.51243622148868,
            "r2_mean": 0.37917707015507707,
            "r2_std": 0.018579427653459143,
            "train_r2_mean": 0.4028483456272095,
            "fold_scores": [
                0.3623315991136661,
                0.3519794915070585,
                0.36135158232924514,
                0.3582826126691097,
                0.3543952284101906
            ],
            "fold_mae": [
                8800.093044056079,
                8497.836162136895,
                8602.188831307993,
                8637.821095039297,
                8318.12267778929
            ],
            "fold_r2": [
                0.35920033437611076,
                0.4124442359188587,
                0.3688582465018819,
                0.37029843175397836,
                0.3850841022245558
            ]
        },
        "CatBoost": {
            "mape_mean": 0.36222379062055715,
            "mape_std": 0.0016680474054126609,
            "mae_mean": 8677.388283026059,
            "mae_std": 132.7378542680232,
            "r2_mean": 0.3861921005886127,
            "r2_std": 0.012617941125428045,
            "train_r2_mean": 0.40290483928919557,
            "fold_scores": [
                0.3649819658883241,
                0.36217076801079306,
                0.35971999561526274,
                0.36220155491997824,
                0.3620446686684278
            ],
            "fold_mae": [
                8873.055592798171,
                8740.966464669345,
                8532.337745216584,
                8715.708064228458,
                8524.87354821773
            ],
            "fold_r2": [
                0.3643651293625746,
                0.39959575342241904,
                0.39697989402975875,
                0.38178373918440156,
                0.3882359869439097
            ]
        },
        "XGBoost": {
            "mape_mean": 0.3342834560215248,
            "mape_std": 0.003935802905648366,
            "mae_mean": 8022.483031783764,
            "mae_std": 110.66883123623273,
            "r2_mean": 0.4360967843720644,
            "r2_std": 0.015007721529346018,
            "train_r2_mean": 0.46659195440219436,
            "fold_scores": [
                0.3329977913542193,
                0.32894211017378294,
                0.33271288516694936,
                0.3407489903018244,
                0.336015503110848
            ],
            "fold_mae": [
                8112.42667669975,
                7983.156895108959,
                7902.283011430479,
                8189.055619713083,
                7925.492955966546
            ],
            "fold_r2": [
                0.4284983596223776,
                0.45821589139224106,
                0.44516436235252965,
                0.4138445570917483,
                0.4347607514014251
            ]
        }
    },
    "test_set_results": {
        "RandomForest": {
            "mape": 39.67426956390678,
            "mae": 9307.356562632744,
            "rmse": 12587.822244069865,
            "r2": 0.2596468730420296
        },
        "GradientBoosting": {
            "mape": 36.32684153072691,
            "mae": 8533.132563808043,
            "rmse": 11563.751272247278,
            "r2": 0.3752083806309393
        },
        "CatBoost": {
            "mape": 36.54594692030003,
            "mae": 8584.181011489505,
            "rmse": 11468.155244052434,
            "r2": 0.3854958238179287
        },
        "XGBoost": {
            "mape": 47.725316567937355,
            "mae": 10877.094440892099,
            "rmse": 14029.265679593069,
            "r2": 0.08038172839403068
        }
    },
    "ensemble_results": {
        "Voting": {
            "mape": 39.60147268990434,
            "r2": 0.31858846500733906
        },
        "Stacking": {
            "mape": 48.61400517640801,
            "r2": 0.04014672984512224
        }
    },
    "best_model": "XGBoost",
    "statistical_tests": {
        "RandomForest vs GradientBoosting": {
            "t_statistic": 12.836876607280418,
            "p_value": 0.0002122974882181894,
            "significant": true,
            "cohens_d": 8.599641058797454,
            "winner": "GradientBoosting",
            "mean_diff": 0.031232900298390875
        },
        "RandomForest vs CatBoost": {
            "t_statistic": 27.389357156228524,
            "p_value": 1.0567548138248387e-05,
            "significant": true,
            "cohens_d": 11.831627353614126,
            "winner": "CatBoost",
            "mean_diff": 0.026677212483687762
        },
        "RandomForest vs XGBoost": {
            "t_statistic": 18.931842623025137,
            "p_value": 4.585054791110359e-05,
            "significant": true,
            "cohens_d": 15.132799721231503,
            "winner": "XGBoost",
            "mean_diff": 0.0546175470827201
        },
        "GradientBoosting vs CatBoost": {
            "t_statistic": -2.227604041304644,
            "p_value": 0.08984969760562408,
            "significant": false,
            "cohens_d": -1.3384778560554855,
            "winner": "GradientBoosting",
            "mean_diff": -0.004555687814703113
        },
        "GradientBoosting vs XGBoost": {
            "t_statistic": 9.452610583582752,
            "p_value": 0.0006985801459974103,
            "significant": true,
            "cohens_d": 5.291873812748805,
            "winner": "XGBoost",
            "mean_diff": 0.02338464678432922
        },
        "CatBoost vs XGBoost": {
            "t_statistic": 13.103409626860838,
            "p_value": 0.00019585596375626648,
            "significant": true,
            "cohens_d": 8.267753854962198,
            "winner": "XGBoost",
            "mean_diff": 0.027940334599032335
        },
        "ANOVA": {
            "f_statistic": 203.78634528014732,
            "p_value": 5.90742738503048e-13,
            "significant": true,
            "eta_squared": 0.9744962627683095,
            "models_tested": 4,
            "total_samples": 20,
            "test_type": "One-way ANOVA"
        },
        "Kruskal-Wallis": {
            "h_statistic": 16.714285714285708,
            "p_value": 0.000809089618167436,
            "significant": true,
            "models_tested": 4,
            "test_type": "Kruskal-Wallis (non-parametric ANOVA)"
        },
        "confidence_intervals": {
            "RandomForest": {
                "mean": 0.3889010031042449,
                "std": 0.0025864461409222947,
                "sem": 0.0011566938782488503,
                "ci_lower": 0.38568950604776864,
                "ci_upper": 0.3921125001607212,
                "ci_range": 0.006422994112952545,
                "confidence_level": 0.95
            },